<?xml version="1.0" encoding="UTF-8"?>
<project-private xmlns="http://www.netbeans.org/ns/project-private/1">
    <editor-bookmarks xmlns="http://www.netbeans.org/ns/editor-bookmarks/2" lastBookmarkId="0"/>
    <open-files xmlns="http://www.netbeans.org/ns/projectui-open-files/2">
        <group>
            <file>file:/D:/wikrama/REKAYASA%20PERANGKAT%20LUNAK/RPL%20XI-4/PBO/penjualan/src/penjualan/Penjualan.java</file>
            <file>file:/D:/wikrama/REKAYASA%20PERANGKAT%20LUNAK/RPL%20XI-4/PBO/penjualan/src/penjualan/Menu.java</file>
            <file>file:/D:/wikrama/REKAYASA%20PERANGKAT%20LUNAK/RPL%20XI-4/PBO/penjualan/src/config/koneksi.java</file>
            <file>file:/D:/wikrama/REKAYASA%20PERANGKAT%20LUNAK/RPL%20XI-4/PBO/penjualan/src/penjualan/input_barang.java</file>
            <file>file:/D:/wikrama/REKAYASA%20PERANGKAT%20LUNAK/RPL%20XI-4/PBO/penjualan/src/penjualan/transaksi.java</file>
            <file>file:/D:/wikrama/REKAYASA%20PERANGKAT%20LUNAK/RPL%20XI-4/PBO/penjualan/src/penjualan/login.java</file>
            <file>file:/D:/wikrama/REKAYASA%20PERANGKAT%20LUNAK/RPL%20XI-4/PBO/penjualan/src/penjualan/databarang.java</file>
        </group>
    </open-files>
</project-private>
